Original,R2,Modelo,RMSE,Iteraci√≥n_independiente
2 * Cain / (1 + exp(-5.7 * t)),0.9999712347911772,1.99512*X1 + 0.031296*X2 + 1.956*exp(0.200704*X2**2*exp(-1.338*X2)) - 2.111,0.0113795320126618,0
Cain * (4.1104 * exp(-6 * t) + 0.2163 - 4.3267 * exp(-5.7 * t)),0.9998942719244828,0.223374*X1 - 0.0128380596487742*X1/X2**2 + 0.177*cos(0.183*X2*cos(cos(0.395*X1))) - 0.175,0.0022032536071867,0
Cain * (-8.455 * exp(-5 * t) - 16.442 * exp(-6 * t) + 24.724 * exp(-5.7 * t) + 0.173),0.9982460562479848,0.19817*X1 - 0.0470577281191806*X1/X2 + 0.30058*X2*exp(-0.836*X2) - 0.19*cos(0.154*X2) + 0.069,0.0079743546546096,0
Cain * (-1 * exp(-2 * t) + 8.455 * exp(-5 * t) + 12.3315 * exp(-6 * t) - 20.045 * exp(-5.7 * t) + 0.26),0.9996829322657476,(0.362851938*X1*X2 - 0.137757*X1 + 0.001*exp(0.444*X2))*exp(-0.444*X2),0.0041809912420608,0
2 * Cain / (1 + exp(-5.7 * t)),0.9999839021556636,2.004402*X1 - 0.0121833333333333*X1/X2 + 1.462*cos(exp(-2.074*X2)) - 1.457,0.008524779810372,1
Cain * (4.1104 * exp(-6 * t) + 0.2163 - 4.3267 * exp(-5.7 * t)),0.999931448945788,0.216527*X1 - 0.293*exp(cos(cos(sin(exp(cos(exp(0.293*X1 - 2.229*X2))))))) + 0.538,0.0017615290437943,1
Cain * (-8.455 * exp(-5 * t) - 16.442 * exp(-6 * t) + 24.724 * exp(-5.7 * t) + 0.173),0.9996279940017206,0.18414*X1*cos(0.111*X2) - 0.0258859784283513*X1/X2**2,0.00368220857323,1
Cain * (-1 * exp(-2 * t) + 8.455 * exp(-5 * t) + 12.3315 * exp(-6 * t) - 20.045 * exp(-5.7 * t) + 0.26),0.9987764127950104,0.25506*X1*sin(0.632*X2) - 0.07293*X1*exp(-2.150738*X2**2) + 0.004,0.0082245377660761,1
2 * Cain / (1 + exp(-5.7 * t)),0.9999772302922876,1.992782*X1 + 0.058366*X2 + 0.529463*X2*exp(-0.824*X2) - 0.305,0.0101298171493539,2
Cain * (4.1104 * exp(-6 * t) + 0.2163 - 4.3267 * exp(-5.7 * t)),0.9999869536139254,0.2163*X1 - 0.102747404844291*X1*exp(-2.954*X2)/X2,0.0007797471058429,2
Cain * (-8.455 * exp(-5 * t) - 16.442 * exp(-6 * t) + 24.724 * exp(-5.7 * t) + 0.173),0.9991687418524222,X1*(X2**2*(0.068074590078*X2 + 0.047729682) - 0.0117529411764706)/(X2**2*(0.389367*X2 + 0.273)),0.005490781094985,2
Cain * (-1 * exp(-2 * t) + 8.455 * exp(-5 * t) + 12.3315 * exp(-6 * t) - 20.045 * exp(-5.7 * t) + 0.26),0.9988399563453554,0.401402*X1*sin(sin(0.63*X2)) - 0.0838*X1 + 0.005,0.0079937722228338,2
2 * Cain / (1 + exp(-5.7 * t)),0.9999976376960048,2.001*X1 - 0.001 - 1.74*exp(-3.611*X2) + 1.74*exp(-2.867*X2)/(2.187*X1 + cos(1.396*X1)),0.0032628235733506,3
Cain * (4.1104 * exp(-6 * t) + 0.2163 - 4.3267 * exp(-5.7 * t)),0.9999765666145088,X1*(0.217427 - 8.7948e-5*X1)*exp(-exp(-2.342*X2*exp(0.523*X2))),0.0010377839706618,3
Cain * (-8.455 * exp(-5 * t) - 16.442 * exp(-6 * t) + 24.724 * exp(-5.7 * t) + 0.173),0.9997727143215948,0.172508*X1*exp(-exp(-2.466464*X2**2 + exp(-5.218*X2)*cos(0.327*X2))),0.0028611772232791,3
Cain * (-1 * exp(-2 * t) + 8.455 * exp(-5 * t) + 12.3315 * exp(-6 * t) - 20.045 * exp(-5.7 * t) + 0.26),0.995808761066796,0.229*X1*(0.094*X1 - 1.359*X2)*(0.1617*X2 - 0.781) - 0.034,0.0152092038675619,3
2 * Cain / (1 + exp(-5.7 * t)),0.9999999966340578,2.001138*X1 - 1.800946*X1*exp(-5.581*X2),0.000132911212738,4
Cain * (4.1104 * exp(-6 * t) + 0.2163 - 4.3267 * exp(-5.7 * t)),0.9999296961813876,0.214248018168054*X1 - 0.013527728894875*X1*cos(1.318*X2)/X2**2,0.0017946195956069,4
Cain * (-8.455 * exp(-5 * t) - 16.442 * exp(-6 * t) + 24.724 * exp(-5.7 * t) + 0.173),0.9991669905366042,X1*(X2**2*(0.173967792768*X2 + 0.125517888) - 0.0304288052373159)/(X2**2*(0.995148*X2 + 0.718)),0.0055121998440384,4
Cain * (-1 * exp(-2 * t) + 8.455 * exp(-5 * t) + 12.3315 * exp(-6 * t) - 20.045 * exp(-5.7 * t) + 0.26),0.9977664994782716,0.257762*X1*sin(0.624*X2) + 0.718*cos(exp(-X2*(0.634 + 6.43405977858964*X2/X1**2))) - 0.718,0.0111023406726021,4
2 * Cain / (1 + exp(-5.7 * t)),0.9999993766080676,(0.001*X2 + 56.1976495726496*(1.328*X1 - sin(0.00569999746342791*X1/X2**4))*sin(0.027*X2))/X2,0.0016775948473036,5
Cain * (4.1104 * exp(-6 * t) + 0.2163 - 4.3267 * exp(-5.7 * t)),0.9999536069495136,0.216996*X1 - 0.00626243522150993*X1/X2**3,0.001473091360613,5
Cain * (-8.455 * exp(-5 * t) - 16.442 * exp(-6 * t) + 24.724 * exp(-5.7 * t) + 0.173),0.9988149496709842,0.179452*X1 - 0.0237381832753502*X1/X2**2,0.0065686595068206,5
Cain * (-1 * exp(-2 * t) + 8.455 * exp(-5 * t) + 12.3315 * exp(-6 * t) - 20.045 * exp(-5.7 * t) + 0.26),0.99996280865467,-1.377462*X1*sin(exp(exp(-1.789*X2))) + 1.42158*X1 - 0.002,0.0014273506988834,5
2 * Cain / (1 + exp(-5.7 * t)),0.9999558244977168,1.995475*X1 - 0.0302472*X2**2 + 4.071 - 4.201*exp(-0.033*X2),0.0141102760256301,6
Cain * (4.1104 * exp(-6 * t) + 0.2163 - 4.3267 * exp(-5.7 * t)),0.999988991967988,0.331*X1*(1.199*X2 + 0.0213472485768501)*cos(exp(exp(-3.98*X2)))/X2,0.0007047474499936,6
Cain * (-8.455 * exp(-5 * t) - 16.442 * exp(-6 * t) + 24.724 * exp(-5.7 * t) + 0.173),0.998094429468306,0.114114*X1*sin(0.16184*X2**2 + exp(cos(0.948*X2)))**2 + 0.06006*X1 - 0.001,0.0083201318267734,6
Cain * (-1 * exp(-2 * t) + 8.455 * exp(-5 * t) + 12.3315 * exp(-6 * t) - 20.045 * exp(-5.7 * t) + 0.26),0.999156624417827,0.272952*X1*sin(0.541*X2) - 0.017748*X1*sin(3.042*X2) - 0.002,0.0068254949235018,6
2 * Cain / (1 + exp(-5.7 * t)),0.9999994022079997,0.738144*X1*exp(cos(0.02*X2))*cos(0.2710027100271*exp(-0.976*X2)/X2),0.0016430872458715,7
Cain * (4.1104 * exp(-6 * t) + 0.2163 - 4.3267 * exp(-5.7 * t)),0.9999836458065774,0.21552*X1 - 0.0446254218222722*X1*exp(-2.5992*X2**2)/X2,0.0008573203283874,7
Cain * (-8.455 * exp(-5 * t) - 16.442 * exp(-6 * t) + 24.724 * exp(-5.7 * t) + 0.173),0.999544398143871,0.185941*X1 - 0.009994*X1/sin(sin(0.627*X2)**2) - 0.001,0.0040783543618873,7
Cain * (-1 * exp(-2 * t) + 8.455 * exp(-5 * t) + 12.3315 * exp(-6 * t) - 20.045 * exp(-5.7 * t) + 0.26),0.999402084692414,((0.763623*X2*exp(2.214*X2) - 0.651)*exp(cos(0.437*X2))*sin(0.086*X1) - 0.002*exp(2.214*X2))*exp(-2.214*X2),0.0057518697297522,7
2 * Cain / (1 + exp(-5.7 * t)),0.9999990113784784,2.000377*X1 - 0.0085023846648861*X1/X2**4 + 0.001,0.0021175199497984,8
Cain * (4.1104 * exp(-6 * t) + 0.2163 - 4.3267 * exp(-5.7 * t)),0.999613046695337,X1*(X2*(0.257004 - 0.010121096*X2) - 0.0377231968810916)/X2,0.0042108562170549,8
Cain * (-8.455 * exp(-5 * t) - 16.442 * exp(-6 * t) + 24.724 * exp(-5.7 * t) + 0.173),0.9999571497223196,0.173019*X1 - 0.0616478646253022*X1/(X2*(0.045796*X2**2 - exp(0.743044*X2**2))**2),0.0012459279037975,8
Cain * (-1 * exp(-2 * t) + 8.455 * exp(-5 * t) + 12.3315 * exp(-6 * t) - 20.045 * exp(-5.7 * t) + 0.26),0.9993822891615892,0.337444*X1*sin(cos(exp(-0.843*X2)) - exp(-0.784*X2)) + 0.058*sin(0.885*X2) - 0.046,0.0058497017963756,8
2 * Cain / (1 + exp(-5.7 * t)),0.9999568882032628,1.992672*X1 + 0.135864*X2 + 7.548*cos(0.094*X2) - 7.548*cos(0.004225*X2**2) - 0.131,0.0139393493516609,9
Cain * (4.1104 * exp(-6 * t) + 0.2163 - 4.3267 * exp(-5.7 * t)),0.9999533442666028,0.217306*X1 - 0.00627001852282567*X1/X2**3,0.0014720725932983,9
Cain * (-8.455 * exp(-5 * t) - 16.442 * exp(-6 * t) + 24.724 * exp(-5.7 * t) + 0.173),0.9995063841177232,0.023688*X1*exp(2*cos(exp(-1.18105*X2**2))) - 0.001,0.0042248079551681,9
Cain * (-1 * exp(-2 * t) + 8.455 * exp(-5 * t) + 12.3315 * exp(-6 * t) - 20.045 * exp(-5.7 * t) + 0.26),0.9997013823805694,0.205501296*X1*X2*(sin(0.13*X2) + sin(0.236*X2))*exp(cos(0.878*X2)) - 0.001,0.004063291753618,9
2 * Cain / (1 + exp(-5.7 * t)),0.9999991559591096,2.00161*X1 - 0.00888070054116634*X1/X2**4 + 0.001,0.0019569193597273,10
Cain * (4.1104 * exp(-6 * t) + 0.2163 - 4.3267 * exp(-5.7 * t)),0.99997669575812,X1*(X2**3*(0.003436*cos(0.387*X2) + 0.21475) - 0.00704016902437747)/X2**3,0.0010361728143707,10
Cain * (-8.455 * exp(-5 * t) - 16.442 * exp(-6 * t) + 24.724 * exp(-5.7 * t) + 0.173),0.999563432380864,X1*(X2*(0.251348 - 0.019050864*X2) - 0.0760112994350283)/X2,0.0039772277958725,10
Cain * (-1 * exp(-2 * t) + 8.455 * exp(-5 * t) + 12.3315 * exp(-6 * t) - 20.045 * exp(-5.7 * t) + 0.26),0.9994352968687056,(0.28*X1*(1.42*X2 - 0.480836236933798)*sin(sin(sin(0.662*X2))) + 0.002*X2)/X2,0.0055853679103748,10
2 * Cain / (1 + exp(-5.7 * t)),0.9999990057916875,2.000448*X1 - 0.00839432649194554*X1/X2**4 + 0.001,0.0021212999540683,11
Cain * (4.1104 * exp(-6 * t) + 0.2163 - 4.3267 * exp(-5.7 * t)),0.9999787484797746,0.216795*X1 - 0.374735*X1*exp(-4.266*X2),0.0009889379911912,11
Cain * (-8.455 * exp(-5 * t) - 16.442 * exp(-6 * t) + 24.724 * exp(-5.7 * t) + 0.173),0.9988136332612552,0.178339*X1 - 1.81321410829608*sin(0.013*X1)/X2**2,0.0065702073382214,11
Cain * (-1 * exp(-2 * t) + 8.455 * exp(-5 * t) + 12.3315 * exp(-6 * t) - 20.045 * exp(-5.7 * t) + 0.26),0.9982601552850616,0.181573944*X1*X2*cos(0.33*X2) - 0.043462*X1 - 0.031*cos(2.51*X2) + 0.007,0.0097964983547226,11
2 * Cain / (1 + exp(-5.7 * t)),0.9999933206013188,2.009016*X1 + 3.144*cos(0.0438083045942742*X1/X2**2) - 3.17 + 0.00652282157676349*X2/X1,0.0054978202361964,12
Cain * (4.1104 * exp(-6 * t) + 0.2163 - 4.3267 * exp(-5.7 * t)),0.9999952707472538,0.216496*X1 - 0.425936*X1*exp(-4.47*X2),0.0004795844018314,12
Cain * (-8.455 * exp(-5 * t) - 16.442 * exp(-6 * t) + 24.724 * exp(-5.7 * t) + 0.173),0.9995122548548712,X1*(0.184272*X2 - 0.0211823008849558/sin(0.85*X2))/X2,0.00420757138775,12
Cain * (-1 * exp(-2 * t) + 8.455 * exp(-5 * t) + 12.3315 * exp(-6 * t) - 20.045 * exp(-5.7 * t) + 0.26),0.9988803056104512,0.39798*X1*sin(sin(0.629*X2)) - 0.081*X1 + 0.004,0.0078660015891637,12
2 * Cain / (1 + exp(-5.7 * t)),0.9999823254565456,1.995664*X1 - 0.001233283*X2**2 + 0.019 - 0.667*exp(-3.16*X2),0.0089142461543946,13
Cain * (4.1104 * exp(-6 * t) + 0.2163 - 4.3267 * exp(-5.7 * t)),0.9999602811956394,0.216596*X1 - 0.35056*X1*exp(-4.173*X2),0.0013554780700137,13
Cain * (-8.455 * exp(-5 * t) - 16.442 * exp(-6 * t) + 24.724 * exp(-5.7 * t) + 0.173),0.9992880208473256,0.17472*X1 - 0.0336201591646684*X1*exp(-0.635*X2)/X2**2,0.0050907401334197,13
Cain * (-1 * exp(-2 * t) + 8.455 * exp(-5 * t) + 12.3315 * exp(-6 * t) - 20.045 * exp(-5.7 * t) + 0.26),0.9997645131826296,0.27579944*X1*X2*exp(-0.391*X2) - 0.1587*X1*exp(-1.371*X2) + 0.001,0.0036049022366796,13
2 * Cain / (1 + exp(-5.7 * t)),0.999999903320662,(-4.009725*X2*(1.021*X1 - 1.241*X2 + sin(1.772*X2)) + (1.999431*X1 - 0.001)*exp(6.283*X2))*exp(-6.283*X2),0.0006661148375047,14
Cain * (4.1104 * exp(-6 * t) + 0.2163 - 4.3267 * exp(-5.7 * t)),0.9999534939414868,0.21907875*X1 - 0.00630440242469603*X1/X2**3,0.001473091360613,14
Cain * (-8.455 * exp(-5 * t) - 16.442 * exp(-6 * t) + 24.724 * exp(-5.7 * t) + 0.173),0.9988188589335584,0.17248*X1 - 0.44*exp(0.416*X1 - 3.565*X2) + 0.002,0.0065427818191288,14
Cain * (-1 * exp(-2 * t) + 8.455 * exp(-5 * t) + 12.3315 * exp(-6 * t) - 20.045 * exp(-5.7 * t) + 0.26),0.998450784294587,0.296835*X1*sin(0.593*X2) - 0.03339*X1 + 0.09513*X2*exp(sin(cos(0.936*X2))) - 0.139,0.0092447785922605,14
2 * Cain / (1 + exp(-5.7 * t)),0.999961414614194,1.999525*X1 - 0.034617231*X2**2 + 0.14542*X2 - 7.271*cos(9.927332496e-5*X2**6) + 7.135,0.0131885112148152,15
Cain * (4.1104 * exp(-6 * t) + 0.2163 - 4.3267 * exp(-5.7 * t)),0.9999534612732416,0.2178*X1 - 0.00628763545881491*X1/X2**3,0.001473091360613,15
Cain * (-8.455 * exp(-5 * t) - 16.442 * exp(-6 * t) + 24.724 * exp(-5.7 * t) + 0.173),0.9988136244390566,0.178851606901725*X1 - 0.0236432734557266*X1/X2**2,0.0065702073382214,15
Cain * (-1 * exp(-2 * t) + 8.455 * exp(-5 * t) + 12.3315 * exp(-6 * t) - 20.045 * exp(-5.7 * t) + 0.26),0.998580001944635,-0.04095*X1*sin(0.232334240655959/X2**3) + 0.255892*X1*sin(0.63*X2) + 0.005,0.0088545847783397,15
2 * Cain / (1 + exp(-5.7 * t)),0.9999953550932325,2.00305*X1 - 0.0114529637455462*X1/X2**3 - 0.001,0.0045767845925936,16
Cain * (4.1104 * exp(-6 * t) + 0.2163 - 4.3267 * exp(-5.7 * t)),0.9999922087481468,0.216216*X1 - 0.124552661381653*X1*exp(-3.293*X2)/X2,0.0006085461946394,16
Cain * (-8.455 * exp(-5 * t) - 16.442 * exp(-6 * t) + 24.724 * exp(-5.7 * t) + 0.173),0.999888984912582,(-0.4015*X1 + 0.135371565*X2**2 + (0.1752*X1 - 0.004)*exp(3.056*X2))*exp(-3.056*X2),0.0020053288418459,16
Cain * (-1 * exp(-2 * t) + 8.455 * exp(-5 * t) + 12.3315 * exp(-6 * t) - 20.045 * exp(-5.7 * t) + 0.26),0.9969579230111412,-0.0310077365602063*X1*sin(0.104*X1)/X2**2 + 2.552*sin(0.104*X1)*sin(0.633*X2) - 0.008,0.0129501371965478,16
2 * Cain / (1 + exp(-5.7 * t)),0.9999997863955982,2.005425*X1 - 8.49504384292794*exp(-3.887*X2)*sin(0.045*X1)/X2,0.0009923010386741,17
Cain * (4.1104 * exp(-6 * t) + 0.2163 - 4.3267 * exp(-5.7 * t)),0.9999988541644232,0.2163*X1 - 0.490486*X1*exp(-4.71*X2),0.0002359352957278,17
Cain * (-8.455 * exp(-5 * t) - 16.442 * exp(-6 * t) + 24.724 * exp(-5.7 * t) + 0.173),0.9990446855425346,0.177525*X1 - 0.0263304790110739*X1*exp(-0.201*X2)/X2**2,0.0058933855257546,17
Cain * (-1 * exp(-2 * t) + 8.455 * exp(-5 * t) + 12.3315 * exp(-6 * t) - 20.045 * exp(-5.7 * t) + 0.26),0.9996566230988378,0.12740637*X1*X2 + 0.10283*X1*sin(1.197*X2) - 0.08177*X1 + 0.002,0.0043564095674591,17
2 * Cain / (1 + exp(-5.7 * t)),0.9999932568083032,2.008335*X1 + 0.126945*X1/((0.466*X1 - 9.412624*X2**2)*cos(0.434*X2)) - 0.005,0.005520929763467,18
Cain * (4.1104 * exp(-6 * t) + 0.2163 - 4.3267 * exp(-5.7 * t)),0.9999937193487392,0.216056*X1 - 0.0233670129266946*X1*exp(-1.103*X2)*cos(0.922*X2)/X2**2,0.0005579720189269,18
Cain * (-8.455 * exp(-5 * t) - 16.442 * exp(-6 * t) + 24.724 * exp(-5.7 * t) + 0.173),0.999279879361712,X1*(0.1691*X2**2 + 0.026147174034695*X2 - 0.0366573803918123)/X2**2,0.0051108717255305,18
Cain * (-1 * exp(-2 * t) + 8.455 * exp(-5 * t) + 12.3315 * exp(-6 * t) - 20.045 * exp(-5.7 * t) + 0.26),0.9960798545333552,0.584*(0.521*X1 + cos(sin(0.573*X2)))*sin(sin(0.547*X2)) - 0.264,0.0147170990195979,18
2 * Cain / (1 + exp(-5.7 * t)),0.999993227243778,1.99947*X1 + 0.002 - 1.095*exp(-3.396*X2) + 0.299753627155762*exp(-2.551*X2)/X1,0.0055375669090846,19
Cain * (4.1104 * exp(-6 * t) + 0.2163 - 4.3267 * exp(-5.7 * t)),0.9999379239249644,(0.216189*X1 - 0.000314*X2)*exp(-exp(-0.958*X2*exp(exp(0.318*X2)))),0.0016877962861693,19
Cain * (-8.455 * exp(-5 * t) - 16.442 * exp(-6 * t) + 24.724 * exp(-5.7 * t) + 0.173),0.9995025152219684,0.184224*X1 - 0.024824179077055*X1/(X2**2*cos(0.458*X2)),0.0042567204543171,19
Cain * (-1 * exp(-2 * t) + 8.455 * exp(-5 * t) + 12.3315 * exp(-6 * t) - 20.045 * exp(-5.7 * t) + 0.26),0.9985268651143188,0.255482*X1*sin(0.635*X2) - 0.0302585034013605*X1*exp(-1.334025*X2**2)/X2 + 0.003,0.0090069781642754,19
2 * Cain / (1 + exp(-5.7 * t)),0.9999983044915768,2.00064*X1 + 1.28*cos(exp(-2.229*X2 + sin(0.239*X1))) - 1.277,0.0027738060529294,20
Cain * (4.1104 * exp(-6 * t) + 0.2163 - 4.3267 * exp(-5.7 * t)),0.9998368835582372,0.217083*X1 - 0.269*exp(-0.469224*X2**2 - 7.69844444444444*X2**2/X1) - 0.003,0.0027343472590404,20
Cain * (-8.455 * exp(-5 * t) - 16.442 * exp(-6 * t) + 24.724 * exp(-5.7 * t) + 0.173),0.9991346383685622,(0.037464*X1*(6.799*X2 - cos(1.614*X2)**2) + 0.005*exp(0.519*X2))*exp(-0.519*X2),0.0056137342963854,20
Cain * (-1 * exp(-2 * t) + 8.455 * exp(-5 * t) + 12.3315 * exp(-6 * t) - 20.045 * exp(-5.7 * t) + 0.26),0.9994076664921068,2.843*sin(0.116*X1)*sin(0.601*X2)*sin(sin(0.434*X2 + sin(0.83*X2))) - 0.009,0.0057270431937331,20
2 * Cain / (1 + exp(-5.7 * t)),0.99999164098871,(-0.023688*X1 + (2.005584*X1 + 0.001)*(1.988*X2 - cos(1.03*X2)))/(1.988*X2 - cos(1.03*X2)),0.0061507930540788,21
Cain * (4.1104 * exp(-6 * t) + 0.2163 - 4.3267 * exp(-5.7 * t)),0.9999766691425216,0.215586*X1 - 0.609*exp(0.342*X1 - 5.018*X2) + 0.002,0.0010214348312205,21
Cain * (-8.455 * exp(-5 * t) - 16.442 * exp(-6 * t) + 24.724 * exp(-5.7 * t) + 0.173),0.9996335197100704,0.169275*X1 - 0.0266314084001456*X1*cos(1.107*X2)/X2**2,0.0036405603176391,21
Cain * (-1 * exp(-2 * t) + 8.455 * exp(-5 * t) + 12.3315 * exp(-6 * t) - 20.045 * exp(-5.7 * t) + 0.26),0.9995470733927334,X1*(0.328888*sin(0.38*X2) - 0.034496*cos(2.116*X2)),0.0050002359666008,21
2 * Cain / (1 + exp(-5.7 * t)),0.9999819382101144,1.996208*X1 + 0.358*cos(2*exp(-1.681*X2)) - 0.347,0.0090327270055573,22
Cain * (4.1104 * exp(-6 * t) + 0.2163 - 4.3267 * exp(-5.7 * t)),0.9999865645695118,0.215847*X1*cos(exp(-1.758442*X2**2)),0.0007754541559511,22
Cain * (-8.455 * exp(-5 * t) - 16.442 * exp(-6 * t) + 24.724 * exp(-5.7 * t) + 0.173),0.9985433556691922,0.172144*X1 - 0.464*exp(0.395*X1 - 3.549*X2) + 0.003,0.0072642958646709,22
Cain * (-1 * exp(-2 * t) + 8.455 * exp(-5 * t) + 12.3315 * exp(-6 * t) - 20.045 * exp(-5.7 * t) + 0.26),0.9998752917277492,X1*(-0.216603*exp(-1.077*X2 - sin(1.766*X2)) + 0.291879*sin(0.638*X2)),0.0026307784161026,22
2 * Cain / (1 + exp(-5.7 * t)),0.999994501890202,1.995625*X1 - 0.625*sin(exp(exp(-3.504941188*X2**3))) + 0.533,0.0049751593374134,23
Cain * (4.1104 * exp(-6 * t) + 0.2163 - 4.3267 * exp(-5.7 * t)),0.999953619564534,0.2175*X1 - 0.00626522046341193*X1/X2**3,0.001473091360613,23
Cain * (-8.455 * exp(-5 * t) - 16.442 * exp(-6 * t) + 24.724 * exp(-5.7 * t) + 0.173),0.9990206734464002,X1*(-0.003215718*X2 + 0.24436 - 0.0521499999999999/sin(sin(0.716*X2))),0.005956648060236,23
Cain * (-1 * exp(-2 * t) + 8.455 * exp(-5 * t) + 12.3315 * exp(-6 * t) - 20.045 * exp(-5.7 * t) + 0.26),0.9986649056647569,0.386739*X1*sin(sin(0.604*X2)) - 0.06984*X1 + 0.004,0.0085824238990254,23
2 * Cain / (1 + exp(-5.7 * t)),0.9999736742049328,1.995669*X1 + 0.066384*X2*cos(1.052*X2) + 0.132768*X2 - 0.184,0.0108926518415136,24
Cain * (4.1104 * exp(-6 * t) + 0.2163 - 4.3267 * exp(-5.7 * t)),0.999612747428343,X1*(X2*(0.256865 - 0.01009256*X2) - 0.037634130575307)/X2,0.0042062220259,24
Cain * (-8.455 * exp(-5 * t) - 16.442 * exp(-6 * t) + 24.724 * exp(-5.7 * t) + 0.173),0.9926911015779492,0.031*(1.71*X1 + sin(0.744*X1))*(0.365*X1 + 0.383*X2 + sin(0.959*X2)) + 0.03,0.0162894117942713,24
Cain * (-1 * exp(-2 * t) + 8.455 * exp(-5 * t) + 12.3315 * exp(-6 * t) - 20.045 * exp(-5.7 * t) + 0.26),0.998251995222764,0.096085962*X1*X2 + 0.077224*X1*sin(0.721*X2)*sin(1.181*X2) - 0.006,0.0098242691874532,24
2 * Cain / (1 + exp(-5.7 * t)),0.9999824751175684,1.995*X1 + 1.596*cos(exp(-1.792*X2)) - 1.585,0.0088890061732732,25
Cain * (4.1104 * exp(-6 * t) + 0.2163 - 4.3267 * exp(-5.7 * t)),0.9998648209357328,0.21714*X1 - 0.003 - 0.282*exp(-9.33866037735849*X2**2/X1),0.0024816660950761,25
Cain * (-8.455 * exp(-5 * t) - 16.442 * exp(-6 * t) + 24.724 * exp(-5.7 * t) + 0.173),0.9996625963038288,0.205671*X1 - 0.0191557850470842*X1*exp(0.94*X2)/X2**2,0.0034942372106163,25
Cain * (-1 * exp(-2 * t) + 8.455 * exp(-5 * t) + 12.3315 * exp(-6 * t) - 20.045 * exp(-5.7 * t) + 0.26),0.998630371566102,0.020701404*X1*X2 + 0.205571*X1*sin(0.693*X2) - 0.205571*X1*exp(-2.998*X2) + 0.004,0.0087022422773236,25
2 * Cain / (1 + exp(-5.7 * t)),0.999989892419838,2.020734*X1 + 0.009762*X1/(1.221*X2 + cos(2.414*X2)) - 0.0396829268292683*X1/X2 - 0.005,0.0067549542873716,26
Cain * (4.1104 * exp(-6 * t) + 0.2163 - 4.3267 * exp(-5.7 * t)),0.9996665044817168,-0.001 + 8.105*exp(-exp(-3.159*X2))*sin(0.027*X1)*cos(0.063*X2),0.0039123740790929,26
Cain * (-8.455 * exp(-5 * t) - 16.442 * exp(-6 * t) + 24.724 * exp(-5.7 * t) + 0.173),0.9998730890274808,0.173046*X1 - 0.538919*X1*exp(-3.598*X2),0.002144216292241,26
Cain * (-1 * exp(-2 * t) + 8.455 * exp(-5 * t) + 12.3315 * exp(-6 * t) - 20.045 * exp(-5.7 * t) + 0.26),0.9973088796106752,0.313335*X1 - 0.151681614349776*X1/X2 + 0.161766816143498 - 0.739910313901345*sin(0.23*X2)/X2,0.0121929607699343,26
2 * Cain / (1 + exp(-5.7 * t)),0.9999854943816976,1.931798*X1 + X2*(0.073432416*X1 + 0.096368)*cos(sin(0.486*X2))**2 - 0.085,0.0080755587197097,27
Cain * (4.1104 * exp(-6 * t) + 0.2163 - 4.3267 * exp(-5.7 * t)),0.9999483627563572,(-0.0197544827586207*X1 + X2**2*(0.217107*X1 - 0.007)*(1.595169*X2 + 0.725) + 0.023925*X2**2)/(X2**2*(1.595169*X2 + 0.725)),0.0015508025104158,27
Cain * (-8.455 * exp(-5 * t) - 16.442 * exp(-6 * t) + 24.724 * exp(-5.7 * t) + 0.173),0.9988853180355954,X1*(0.175236*X2**3 - 0.0108310790344986*X2 - 0.00759542709291627)/X2**3,0.0063584336347394,27
Cain * (-1 * exp(-2 * t) + 8.455 * exp(-5 * t) + 12.3315 * exp(-6 * t) - 20.045 * exp(-5.7 * t) + 0.26),0.9997919120408284,X1*(0.311308*sin(0.506*X2) - 0.0253025*cos(2.274*X2) - 0.0253025),0.0034043575597331,27
2 * Cain / (1 + exp(-5.7 * t)),0.9999749277343776,1.99456*X1 + 0.04232*X2 - 0.159 + 1.84*exp(-1.263*X2)*sin(0.455*X2)**2,0.0106256992114002,28
Cain * (4.1104 * exp(-6 * t) + 0.2163 - 4.3267 * exp(-5.7 * t)),0.9986399847147216,-0.00177616087503087*X1**2*X2 + 0.248253710009355*X1 - 0.0302329279700655*X1/X2 - 0.013,0.0078857858450006,28
Cain * (-8.455 * exp(-5 * t) - 16.442 * exp(-6 * t) + 24.724 * exp(-5.7 * t) + 0.173),0.9998834403045536,0.173689*X1 - 0.424907*X1*exp(-3.216*X2),0.0020528042410222,28
Cain * (-1 * exp(-2 * t) + 8.455 * exp(-5 * t) + 12.3315 * exp(-6 * t) - 20.045 * exp(-5.7 * t) + 0.26),0.9990281356487632,(0.163184*X1 - 0.002632*X2)*(sin(0.596*X2) + cos(cos(1.259*X2)))*sin(0.583*X2) + 0.007,0.0073230648927071,28
2 * Cain / (1 + exp(-5.7 * t)),0.9999994643685874,(1.995136*X1 + 0.480921212121212)*cos(exp(-2.456*X2)) - 0.513,0.0015655515460848,29
Cain * (4.1104 * exp(-6 * t) + 0.2163 - 4.3267 * exp(-5.7 * t)),0.999870267355873,0.21723*X1 - 0.195*exp(exp(-8.0091037735849*X2**2/X1)) + 0.192,0.0024334440987183,29
Cain * (-8.455 * exp(-5 * t) - 16.442 * exp(-6 * t) + 24.724 * exp(-5.7 * t) + 0.173),0.9996990443813132,0.173316*X1 - 0.122008*X1*exp(-1.999396*X2**2) - 0.001,0.003310941420994,29
Cain * (-1 * exp(-2 * t) + 8.455 * exp(-5 * t) + 12.3315 * exp(-6 * t) - 20.045 * exp(-5.7 * t) + 0.26),0.9992139309992228,X1*(0.200520624*X2*cos(sin(0.512*X2)**2) - 0.055016),0.0065882735382308,29
